date,total_doses_administered,New doses,New dose 7 day average,total_individuals_at_least_one,% of pop one dose,total_individuals_fully_vaccinated,% of pop two doses,total_individuals_3doses,% of pop three doses,Total Cases,New Cases,New Cases 7 Day Average,Number of patients hospitalized with COVID-19,Number of patients in ICU due to COVID-19,Hospitial + ICU,Hospital + ICU average,Email sent?
2022-01-01,,,,,,,,,,,,,,,,,
2021-12-31,27208675.0,,,12208736.0,,11410550.0,,3571791.0,,756361.0,,,1144.0,205.0,,,
2021-12-30,27012866.0,,,12197443.0,,11404979.0,,3392882.0,,739648.0,,,965.0,200.0,,,
2021-12-29,26815586.0,,,12186402.0,,11400095.0,,3211538.0,,725841.0,,,726.0,190.0,,,
2021-12-28,26639237.0,,,12175396.0,,11394756.0,,3051672.0,,715405.0,,,491.0,187.0,,,
2021-12-27,26494532.0,,,12167859.0,,11390166.0,,2919190.0,,706580.0,,,480.0,176.0,,,
2021-12-26,26449368.0,,,12166183.0,,11389124.0,,2876761.0,,697162.0,,,373.0,168.0,,,
2021-12-25,26435461.0,,,12165681.0,,11388860.0,,2863624.0,,687336.0,,,510.0,167.0,,,
2021-12-24,26343050.0,,,12160489.0,,11383811.0,,2770783.0,,676924.0,,,508.0,164.0,,,
2021-12-23,26113307.0,,,12148870.0,,11379811.0,,2567601.0,,667353.0,,,440.0,169.0,,,
2021-12-22,25860049.0,,,12134992.0,,11373519.0,,2334698.0,,661563.0,,,420.0,168.0,,,
2021-12-21,25629533.0,206595.0,149349.0,12119220.0,0.8214,11367446.0,0.7704,3571791.0,,657180.0,3453.0,"3,153",412.0,165.0,577.0,503.142857142857,
2021-12-20,25422938.0,107158.0,134035.0,12105031.0,0.8204,11362551.0,0.7701,3571791.0,,653727.0,3784.0,"2,863",284.0,164.0,448.0,498.857142857143,
2021-12-19,25315780.0,140827.0,123722.0,12094044.0,0.8196,11359730.0,0.7699,3571791.0,,649943.0,4177.0,"2,542",283.0,159.0,442.0,494.0,
2021-12-18,25174953.0,168923.0,112450.0,12074997.0,0.8184,11355707.0,0.7696,3571791.0,,645766.0,3301.0,"2,156",382.0,154.0,536.0,485.142857142857,
2021-12-17,25006030.0,156525.0,100251.0,12060658.0,0.8174,11350356.0,0.7692,3571791.0,,642465.0,3124.0,"1,914",358.0,157.0,515.0,475.571428571429,
2021-12-16,24849505.0,137803.0,89089.0,12047096.0,0.8165,11345168.0,0.7689,3571791.0,,639341.0,2421.0,"1,676",328.0,165.0,493.0,467.714285714286,
2021-12-15,24711702.0,127613.0,80130.0,12033585.0,0.8155,11340162.0,0.7686,3571791.0,,636920.0,1808.0,"1,514",357.0,154.0,511.0,463.571428571429,
2021-12-14,24584089.0,99397.0,72518.0,12019901.0,0.8146,11334812.0,0.7682,3571791.0,,635112.0,1429.0,"1,400",385.0,162.0,547.0,460.285714285714,
2021-12-13,24484692.0,34966.0,66980.0,12010172.0,0.81,11330544.0,0.7679,3571791.0,,633683.0,1536.0,"1,328",253.0,161.0,414.0,454.285714285714,
2021-12-12,24449726.0,61920.0,67624.0,11998141.0,0.8131,11327927.0,0.7677,3571791.0,,632147.0,1476.0,"1,236",222.0,158.0,380.0,438.714285714286,
2021-12-11,24387806.0,83534.0,67776.0,11974499.0,0.8115,11323370.0,0.7674,3571791.0,,630671.0,1607.0,"1,194",323.0,146.0,469.0,427.857142857143,
2021-12-10,24304272.0,78390.0,67400.0,11953275.0,0.8101,11316878.0,0.77,3571791.0,,629064.0,1453.0,"1,115",309.0,151.0,460.0,424.285714285714,
2021-12-09,24225882.0,75093.0,168632.0,11934401.0,0.8088,11311453.0,0.7666,3571791.0,,627611.0,1290.0,"1,055",309.0,155.0,464.0,420.285714285714,
2021-12-08,24150789.0,74325.0,167536.0,11915256.0,0.8075,11306219.0,0.7663,3571791.0,,626321.0,1009.0,"1,119",333.0,155.0,488.0,417.714285714286,
2021-12-07,24076464.0,60631.0,144875.0,11895203.0,0.8062,11300708.0,0.7659,3571791.0,,625312.0,928.0,"1,036",340.0,165.0,505.0,412.428571428571,
2021-12-06,24015833.0,39472.0,140102.0,11879574.0,0.8051,11295706.0,0.7655,3571791.0,,624384.0,887.0,"1,019",137.0,168.0,305.0,400.142857142857,
2021-12-05,23976361.0,62989.0,139324.0,11859860.0,0.8038,11292723.0,0.7653,3571791.0,,623497.0,1184.0,"1,028",140.0,164.0,304.0,398.428571428571,
2021-12-04,23913372.0,80898.0,135159.0,11827387.0,0.8016,11288025.0,0.77,3571791.0,,622313.0,1053.0,987,284.0,160.0,444.0,391.714285714286,
2021-12-03,23832474.0,787013.0,127525.0,11799063.0,0.7997,11281481.0,0.7646,3571791.0,,621260.0,1031.0,971,286.0,146.0,432.0,383.714285714286,
2021-12-02,23045461.0,67424.0,30719.0,11773193.0,0.7979,11272268.0,0.76,3571791.0,,620229.0,1739.0,936,291.0,155.0,446.0,380.285714285714,
2021-12-01,23011482.0,33445.0,25475.0,11745278.0,0.8,11266204.0,0.7635,3571791.0,,619270.0,780.0,821,296.0,155.0,451.0,372.857142857143,
2021-11-30,22978037.0,27129.0,22512.0,11718308.0,0.7942,11259729.0,0.7631,3571791.0,,618490.0,687.0,794,266.0,153.0,419.0,369.285714285714,
2021-11-29,22950908.0,22442.0,20222.0,11696852.0,0.7927,11254056.0,0.7627,3571791.0,,617803.0,788.0,784,145.0,148.0,293.0,368.857142857143,
2021-11-28,22928466.0,33249.0,17943.0,11677477.0,0.7914,11250989.0,0.7625,3571791.0,,617015.0,964.0,761,122.0,135.0,257.0,365.428571428571,
2021-11-27,22895217.0,29674.0,14822.0,11649577.0,0.7895,11245640.0,0.7621,3571791.0,,616051.0,854.0,729,254.0,134.0,388.0,363.285714285714,
2021-11-26,22865543.0,19820.0,12778.0,11627085.0,0.79,11238458.0,0.7617,3571791.0,,615197.0,927.0,711,268.0,140.0,408.0,364.142857142857,
2021-11-25,22845723.0,12566.0,11932.0,11614857.0,0.7872,11230866.0,0.7611,3571791.0,,614270.0,748.0,692,257.0,137.0,394.0,362.571428571429,
2021-11-24,22833157.0,12706.0,12117.0,11609824.0,0.7868,11223333.0,0.7606,3571791.0,,613522.0,591.0,686,289.0,137.0,426.0,364.428571428571,
2021-11-23,22820451.0,11096.0,12451.0,11604876.0,0.7865,11215575.0,0.7601,3571791.0,,612931.0,613.0,675,282.0,134.0,416.0,361.714285714286,
2021-11-22,22809355.0,6488.0,12743.0,11600688.0,0.7862,11208667.0,0.7596,3571791.0,,612318.0,627.0,656,136.0,133.0,269.0,365.142857142857,
2021-11-21,22802867.0,11404.0,12852.0,11598368.0,0.7861,11204499.0,0.7594,3571791.0,,611691.0,741.0,645,107.0,135.0,242.0,366.571428571429,
2021-11-20,22791463.0,15367.0,13090.0,11594309.0,0.7858,11197154.0,0.7589,3571791.0,,610950.0,728.0,635,283.0,111.0,394.0,369.0,
2021-11-19,22776096.0,13897.0,13486.0,11588750.0,0.7854,11187346.0,0.7582,3571791.0,,610222.0,793.0,625,269.0,128.0,397.0,369.0,
2021-11-18,22762199.0,13862.0,13424.0,11583723.0,0.7851,11178476.0,0.7576,3571791.0,,609429.0,711.0,597,278.0,129.0,407.0,360.428571428571,
2021-11-17,22748337.0,15040.0,13724.0,11578570.0,0.7847,11169767.0,0.76,3571791.0,,608718.0,512.0,587,274.0,133.0,407.0,357.0,
2021-11-16,22733297.0,13146.0,13755.0,11572794.0,0.7843,11160503.0,0.7564,3571791.0,,608206.0,481.0,579,301.0,139.0,440.0,353.0,
2021-11-15,22720151.0,7251.0,13742.0,11568029.0,0.78,11152122.0,0.7558,3571791.0,,607725.0,552.0,573,138.0,141.0,279.0,344.142857142857,
2021-11-14,22712900.0,13066.0,15142.0,11565488.0,0.7838,11147412.0,0.7555,3571791.0,,607173.0,666.0,563,126.0,133.0,259.0,337.428571428571,
2021-11-13,22699834.0,18138.0,15098.0,11561111.0,0.7835,11138723.0,0.7549,3571791.0,,606507.0,661.0,559,263.0,131.0,394.0,331.714285714286,
2021-11-12,22681696.0,13468.0,13765.0,11555033.0,0.7831,11126663.0,0.7541,3571791.0,,605846.0,598.0,537,207.0,130.0,337.0,323.0,
2021-11-11,22668228.0,15962.0,14113.0,11550229.0,0.7828,11117999.0,0.7535,3571791.0,,605248.0,642.0,532,251.0,132.0,383.0,325.428571428571,
2021-11-10,22652266.0,15257.0,14202.0,11544508.0,0.7824,11107758.0,0.7528,3571791.0,,604606.0,454.0,503,243.0,136.0,379.0,322.714285714286,
2021-11-09,22637009.0,13049.0,14442.0,11539002.0,0.78,11098007.0,0.7521,3571791.0,,604152.0,441.0,492,244.0,134.0,378.0,322.0,
2021-11-08,22623960.0,17057.0,14545.0,11534328.0,0.7817,11089632.0,0.7516,3571791.0,,603711.0,480.0,476,105.0,127.0,232.0,320.285714285714,
2021-11-07,22606903.0,12754.0,13169.0,11528900.0,0.7813,11078003.0,0.7508,3571791.0,,603231.0,636.0,468,93.0,126.0,219.0,325.285714285714,
2021-11-06,22594149.0,8809.0,13596.0,11524786.0,0.7811,11069363.0,0.7502,3571791.0,,602595.0,508.0,426,203.0,130.0,333.0,327.857142857143,
2021-11-05,22585340.0,15901.0,15527.0,11521845.0,0.7809,11063495.0,0.7498,3571791.0,,602087.0,563.0,404,225.0,129.0,354.0,329.571428571429,
2021-11-04,22569439.0,16588.0,16279.0,11516403.0,0.7805,11053036.0,0.7491,3571791.0,,601524.0,438.0,383,234.0,130.0,364.0,327.714285714286,
2021-11-03,22552851.0,16933.0,16825.0,11510553.0,0.7801,11042298.0,0.7484,3571791.0,,601086.0,378.0,379,237.0,137.0,374.0,322.714285714286,
2021-11-02,22535918.0,13774.0,17515.0,11504396.0,0.7797,11031522.0,0.7476,3571791.0,,600708.0,331.0,371,230.0,136.0,366.0,319.142857142857,
2021-11-01,22522144.0,7427.0,18180.0,11499285.0,0.7793,11022859.0,0.75,3571791.0,,600377.0,422.0,362,134.0,133.0,267.0,319.857142857143,
2021-10-31,22514717.0,15740.0,18504.0,11496950.0,0.7792,11017767.0,0.7467,3571791.0,,599955.0,340.0,349,104.0,133.0,237.0,324.714285714286,
2021-10-30,22498977.0,22323.0,19010.0,11491955.0,0.7788,11007022.0,0.75,3571791.0,,599615.0,356.0,353,213.0,132.0,345.0,330.142857142857,
2021-10-29,22476654.0,21170.0,19713.0,11484924.0,0.7784,10991730.0,0.7449,3571791.0,,599259.0,419.0,355,211.0,130.0,341.0,338.714285714286,
2021-10-28,22455484.0,20408.0,20370.0,11477912.0,0.7779,10977572.0,0.74,3571791.0,,598840.0,409.0,366,197.0,132.0,329.0,348.571428571429,
2021-10-27,22435076.0,21761.0,20696.0,11471029.0,0.7774,10964047.0,0.7431,3571791.0,,598431.0,321.0,366,215.0,134.0,349.0,363.714285714286,
2021-10-26,22413315.0,18428.0,21199.0,11463641.0,0.7769,10949674.0,0.7421,3571791.0,,598110.0,269.0,364,233.0,138.0,371.0,373.428571428571,
2021-10-25,22394887.0,9697.0,21611.0,11457182.0,0.7765,10937705.0,0.7413,3571791.0,,597841.0,326.0,372,163.0,138.0,301.0,380.285714285714,
2021-10-24,22385190.0,19285.0,21997.0,11454145.0,0.7763,10931045.0,0.7408,3571791.0,,597515.0,370.0,379,138.0,137.0,275.0,382.0,
2021-10-23,22365905.0,27243.0,22529.0,11447674.0,0.7758,10918231.0,0.74,3571791.0,,597145.0,373.0,389,269.0,136.0,405.0,388.285714285714,
2021-10-22,22338662.0,25770.0,22976.0,11438633.0,0.7752,10900029.0,0.7387,3571791.0,,596772.0,492.0,406,261.0,149.0,410.0,388.428571428571,
2021-10-21,22312892.0,22689.0,23546.0,11429671.0,0.7746,10883221.0,0.7376,3571791.0,,596280.0,413.0,406,274.0,161.0,435.0,391.0,
2021-10-20,22290203.0,25284.0,24413.0,11421523.0,0.7741,10868680.0,0.7366,3571791.0,,595867.0,304.0,407,258.0,159.0,417.0,387.714285714286,
2021-10-19,22264919.0,21310.0,25066.0,11412410.0,0.7734,10852509.0,0.7355,3571791.0,,595563.0,328.0,407,260.0,159.0,419.0,384.571428571429,
2021-10-18,22243609.0,12399.0,22809.0,11404859.0,0.7729,10838750.0,0.7346,3571791.0,,595235.0,373.0,416,145.0,168.0,313.0,368.142857142857,
2021-10-17,22231210.0,23011.0,22783.0,11400803.0,0.7727,10830407.0,0.73,3571791.0,,594862.0,443.0,428,155.0,164.0,319.0,369.142857142857,
2021-10-16,22208199.0,30369.0,23674.0,11393091.0,0.7721,10815108.0,0.73,3571791.0,,594419.0,486.0,441,242.0,164.0,406.0,367.714285714286,
2021-10-15,22177830.0,29762.0,24723.0,11383061.0,0.7715,10794769.0,0.7316,3571791.0,,593933.0,496.0,465,265.0,163.0,428.0,368.428571428571,
2021-10-14,22148068.0,28756.0,24839.0,11372723.0,0.7708,10775345.0,0.7303,3571791.0,,593437.0,417.0,476,254.0,158.0,412.0,368.0,
2021-10-13,22119312.0,29857.0,24337.0,11362377.0,0.7701,10756935.0,0.73,3571791.0,,593020.0,306.0,500,242.0,153.0,395.0,370.285714285714,
2021-10-12,22089455.0,5512.0,24685.0,11351403.0,0.7693,10738052.0,0.7277,3571791.0,,592714.0,390.0,525,155.0,149.0,304.0,376.142857142857,
2021-10-11,22083943.0,12213.0,27680.0,11349380.0,0.7692,10734563.0,0.7275,3571791.0,,592324.0,458.0,530,165.0,155.0,320.0,394.428571428571,
2021-10-10,22071730.0,29247.0,28686.0,11345056.0,0.7689,10726674.0,0.73,3571791.0,,591866.0,535.0,538,156.0,153.0,309.0,392.285714285714,
2021-10-09,22042483.0,37715.0,27920.0,11334775.0,0.7682,10707708.0,0.7257,3571791.0,,591331.0,654.0,544,258.0,153.0,411.0,392.0,
2021-10-08,22004768.0,30575.0,27865.0,11320412.0,0.7672,10684356.0,0.7241,3571791.0,,590677.0,573.0,551,271.0,154.0,425.0,395.571428571429,
2021-10-07,21974193.0,25240.0,27741.0,11309114.0,0.7664,10665079.0,0.7228,3571791.0,,590104.0,587.0,565,279.0,149.0,428.0,397.857142857143,
2021-10-06,21948953.0,32296.0,29500.0,11299600.0,0.7658,10649353.0,0.7217,3571791.0,,589517.0,476.0,574,280.0,156.0,436.0,406.142857142857,
2021-10-05,21916657.0,26472.0,30357.0,11287525.0,0.77,10629132.0,0.7204,3571791.0,,589041.0,429.0,576,277.0,155.0,432.0,410.142857142857,
2021-10-04,21890185.0,19255.0,31126.0,11277805.0,0.7643,10612380.0,0.7192,3571791.0,,588612.0,511.0,582,146.0,159.0,305.0,419.142857142857,
2021-10-03,21870930.0,23884.0,31297.0,11271473.0,0.7639,10599457.0,0.7184,3571791.0,,588101.0,580.0,596,144.0,163.0,307.0,428.428571428571,
2021-10-02,21847046.0,37333.0,33263.0,11263479.0,0.7634,10583567.0,0.7173,3571791.0,,587521.0,704.0,607,274.0,162.0,436.0,438.142857142857,
2021-10-01,21809713.0,29704.0,34768.0,11250750.0,0.7625,10558963.0,0.7156,3571791.0,,586817.0,668.0,597,278.0,163.0,441.0,447.428571428571,
2021-09-30,21780009.0,37553.0,37175.0,11239830.0,0.7618,10540179.0,0.7143,3571791.0,,586149.0,647.0,606,315.0,171.0,486.0,456.0,
2021-09-29,21742456.0,38297.0,38204.0,11225353.0,0.7608,10517103.0,0.7128,3571791.0,,585502.0,495.0,610,292.0,172.0,464.0,458.0,
2021-09-28,21704159.0,31855.0,38532.0,11210437.0,0.7598,10493722.0,0.7112,3571791.0,,585007.0,466.0,606,315.0,180.0,495.0,461.142857142857,
2021-09-27,21672304.0,20454.0,38277.0,11197467.0,0.7589,10474837.0,0.7099,3571791.0,,584541.0,613.0,621,186.0,184.0,370.0,463.142857142857,
2021-09-26,21651850.0,37645.0,37743.0,11190066.0,0.7584,10461784.0,0.71,3571791.0,,583928.0,653.0,621,198.0,177.0,375.0,468.857142857143,
2021-09-25,21614205.0,47871.0,36647.0,11176654.0,0.7575,10437551.0,0.7074,3571791.0,,583275.0,640.0,629,323.0,178.0,501.0,476.285714285714,
2021-09-24,21566334.0,46550.0,35410.0,11159460.0,0.7563,10406874.0,0.7053,3571791.0,,582635.0,727.0,655,308.0,193.0,501.0,478.142857142857,
2021-09-23,21519784.0,44754.0,33801.0,11141404.0,0.7551,10378380.0,0.7034,3571791.0,,581908.0,677.0,665,307.0,193.0,500.0,482.285714285714,
2021-09-22,21475030.0,40596.0,32473.0,11123719.0,0.7539,10351311.0,0.7015,,,581231.0,463.0,692,299.0,187.0,486.0,487.857142857143,
2021-09-21,21434434.0,30072.0,31773.0,11107242.0,0.7528,10327192.0,0.6999,,,580768.0,574.0,710,330.0,179.0,509.0,494.714285714286,
2021-09-20,21404362.0,16712.0,31570.0,11094649.0,0.7519,10309713.0,0.6987,,,580194.0,610.0,711,233.0,177.0,410.0,501.285714285714,
2021-09-19,21387650.0,29975.0,31446.0,11088205.0,0.7515,10299445.0,0.7,,,579584.0,715.0,709,245.0,182.0,427.0,518.142857142857,
2021-09-18,21357675.0,39210.0,31333.0,11077105.0,0.7507,10280570.0,0.6967,,,578869.0,821.0,719,329.0,185.0,514.0,524.714285714286,
2021-09-17,21318465.0,35285.0,31477.0,11061902.0,0.7497,10256563.0,0.6951,,,578048.0,795.0,724,336.0,194.0,530.0,528.857142857143,
2021-09-16,21283180.0,35463.0,31557.0,11047037.0,0.7487,10236143.0,0.6937,,,577253.0,864.0,732,348.0,191.0,539.0,530.0,
2021-09-15,21247717.0,35691.0,31975.0,11031766.0,0.7477,10215951.0,0.6924,,,576389.0,593.0,722,346.0,188.0,534.0,531.571428571429,
2021-09-14,21212026.0,28657.0,32330.0,11016595.0,0.7466,10195431.0,0.69,,,575796.0,577.0,717,363.0,192.0,555.0,536.571428571429,
2021-09-13,21183369.0,15842.0,30292.0,11004057.0,0.7458,10179312.0,0.6899,,,575219.0,600.0,715,339.0,189.0,528.0,526.857142857143,
2021-09-12,21167527.0,29182.0,31075.0,10997441.0,0.7453,10170086.0,0.6893,,,574619.0,784.0,712,289.0,184.0,473.0,519.285714285714,
2021-09-11,21138345.0,40220.0,31542.0,10985708.0,0.7445,10152637.0,0.6881,,,573835.0,857.0,716,363.0,180.0,543.0,515.285714285714,
2021-09-10,21098125.0,35844.0,32352.0,10969176.0,0.7434,10128949.0,0.6865,,,572978.0,848.0,729,361.0,177.0,538.0,506.428571428571,
2021-09-09,21062281.0,38391.0,33496.0,10952699.0,0.7423,10109582.0,0.6852,,,572130.0,798.0,723,365.0,185.0,550.0,500.285714285714,
2021-09-08,21023890.0,38174.0,33033.0,10934656.0,0.7411,10089234.0,0.6838,,,571332.0,554.0,732,375.0,194.0,569.0,490.571428571429,
2021-09-07,20985716.0,14391.0,32537.0,10917209.0,0.7399,10068507.0,0.6824,,,570778.0,564.0,747,295.0,192.0,487.0,481.0,
2021-09-06,20971325.0,21325.0,34935.0,10910551.0,0.7394,10060774.0,0.6818,,,570214.0,581.0,741,288.0,187.0,475.0,482.0,
2021-09-05,20950000.0,32450.0,34427.0,10900908.0,0.7388,10049092.0,0.6811,,,569633.0,811.0,757,266.0,179.0,445.0,469.285714285714,
2021-09-04,20917550.0,45886.0,34033.0,10886547.0,0.7378,10031003.0,0.6798,,,568822.0,944.0,747,309.0,172.0,481.0,458.857142857143,
2021-09-03,20871664.0,43855.0,32866.0,10865297.0,0.7364,10006367.0,0.6782,,,567878.0,807.0,732,326.0,169.0,495.0,462.285714285714,
2021-09-02,20827809.0,35152.0,31772.0,10844013.0,0.7349,9983796.0,0.6766,,,567071.0,865.0,728,320.0,162.0,482.0,457.857142857143,
2021-09-01,20792657.0,34703.0,32312.0,10828321.0,0.7339,9964336.0,0.6753,,,566206.0,656.0,701,339.0,163.0,502.0,455.714285714286,
2021-08-31,20757954.0,31176.0,33105.0,10815120.0,0.73,9942834.0,0.6739,,,565550.0,525.0,702,336.0,158.0,494.0,447.428571428571,
2021-08-30,20726778.0,17767.0,33888.0,10803172.0,0.7322,9923606.0,0.6725,,,565025.0,694.0,696,226.0,160.0,386.0,441.285714285714,
2021-08-29,20709011.0,29695.0,34577.0,10797097.0,0.7317,9911914.0,0.6718,,,564331.0,740.0,688,214.0,158.0,372.0,436.857142857143,
2021-08-28,20679316.0,37716.0,35125.0,10786851.0,0.7311,9892465.0,0.6704,,,563591.0,835.0,686,343.0,162.0,505.0,429.285714285714,
2021-08-27,20641600.0,36195.0,36398.0,10773680.0,0.7302,9867920.0,0.6688,,,562756.0,781.0,665,306.0,158.0,464.0,406.0,
2021-08-26,20605405.0,38932.0,37763.0,10760746.0,0.7293,9844659.0,0.6672,,,561975.0,678.0,646,302.0,165.0,467.0,387.142857142857,
2021-08-25,20566473.0,40254.0,38708.0,10746796.0,0.7283,9819677.0,0.6655,,,561297.0,660.0,625,283.0,161.0,444.0,370.714285714286,
2021-08-24,20526219.0,36655.0,38817.0,10732405.0,0.7274,9793814.0,0.6638,,,560637.0,486.0,600,295.0,156.0,451.0,357.0,
2021-08-23,20489564.0,22589.0,39384.0,10719175.0,0.7265,9770389.0,0.6622,,,560151.0,639.0,581,204.0,151.0,355.0,334.0,
2021-08-22,20466975.0,33535.0,39876.0,10712238.0,0.73,9754737.0,0.6611,,,559512.0,722.0,564,178.0,141.0,319.0,315.714285714286,
2021-08-21,20433440.0,46629.0,40929.0,10701514.0,0.7253,9731926.0,0.6596,,,558790.0,689.0,534,212.0,130.0,342.0,300.714285714286,
2021-08-20,20386811.0,45748.0,41460.0,10686526.0,0.7243,9700285.0,0.6574,,,558101.0,650.0,518,197.0,135.0,332.0,287.142857142857,
2021-08-19,20341063.0,45545.0,41879.0,10670142.0,0.7231,9670921.0,0.6554,,,557451.0,531.0,498,176.0,176.0,352.0,273.142857142857,
2021-08-18,20295518.0,41016.0,42396.0,10653532.0,0.72,9641986.0,0.6535,,,556920.0,485.0,496,174.0,174.0,348.0,255.571428571429,
2021-08-17,20254502.0,40626.0,43438.0,10641637.0,0.7212,9612865.0,0.6515,,,556435.0,348.0,473,163.0,127.0,290.0,236.714285714286,
2021-08-16,20213876.0,26033.0,44531.0,10630370.0,0.7204,9583506.0,0.6495,,,556087.0,526.0,469,108.0,119.0,227.0,225.142857142857,
2021-08-15,20187843.0,40907.0,45090.0,10624423.0,0.72,9563420.0,0.6481,,,555561.0,511.0,440,98.0,116.0,214.0,222.285714285714,
2021-08-14,20146936.0,50343.0,45957.0,10614831.0,0.7194,9532105.0,0.65,,,555050.0,578.0,428,136.0,111.0,247.0,220.857142857143,
2021-08-13,20096593.0,48682.0,47485.0,10602867.0,0.7186,9493726.0,0.6434,,,554472.0,510.0,399,123.0,111.0,234.0,221.142857142857,
2021-08-12,20047911.0,49167.0,48241.0,10591248.0,0.7178,9456663.0,0.6409,,,553962.0,513.0,375,116.0,113.0,229.0,219.714285714286,
2021-08-11,19998744.0,48307.0,49533.0,10580112.0,0.72,9418632.0,0.6383,,,553449.0,324.0,332,108.0,108.0,216.0,218.857142857143,
2021-08-10,19950437.0,48278.0,51217.0,10569315.0,0.7163,9381122.0,0.6358,,,553125.0,321.0,306,100.0,109.0,209.0,219.428571428571,
2021-08-09,19902159.0,29949.0,48751.0,10558899.0,0.7156,9343260.0,0.6332,,,552804.0,325.0,283,94.0,113.0,207.0,214.857142857143,
2021-08-08,19872210.0,46970.0,50347.0,10553257.0,0.7152,9318953.0,0.6316,,,552479.0,423.0,261,89.0,115.0,204.0,212.0,
2021-08-07,19825240.0,61041.0,52292.0,10544542.0,0.7146,9280698.0,0.63,,,552056.0,378.0,231,138.0,111.0,249.0,209.714285714286,
2021-08-06,19764199.0,53975.0,55227.0,10532434.0,0.7138,9231765.0,0.6257,,,551678.0,340.0,214,114.0,110.0,224.0,205.142857142857,
2021-08-05,19710224.0,58213.0,59503.0,10520689.0,0.71,9189535.0,0.6228,,,551338.0,213.0,198,113.0,110.0,223.0,205.285714285714,
2021-08-04,19652011.0,60094.0,63924.0,10508609.0,0.7122,9143402.0,0.6197,,,551125.0,139.0,199,112.0,108.0,220.0,205.714285714286,
2021-08-03,19591917.0,31015.0,68784.0,10496523.0,0.7114,9095394.0,0.6164,,,550986.0,164.0,201,71.0,106.0,177.0,208.428571428571,
2021-08-02,19560902.0,41121.0,77501.0,10491330.0,0.71,9069572.0,0.6147,,,550822.0,168.0,196,79.0,108.0,187.0,219.142857142857,
2021-08-01,19519781.0,60583.0,81044.0,10484446.0,0.7106,9035335.0,0.6123,,,550654.0,218.0,189,78.0,110.0,188.0,224.857142857143,
2021-07-31,19459198.0,81590.0,87220.0,10473560.0,0.7098,8985638.0,0.61,,,550436.0,258.0,183,105.0,112.0,217.0,228.714285714286,
2021-07-30,19377608.0,83907.0,93315.0,10458246.0,0.7088,8919362.0,0.6045,,,550178.0,226.0,170,108.0,117.0,225.0,234.428571428571,
2021-07-29,19293701.0,89157.0,98505.0,10441944.0,0.7077,8851757.0,0.5999,,,549952.0,218.0,165,105.0,121.0,226.0,241.285714285714,
2021-07-28,19204544.0,94116.0,103649.0,10425085.0,0.7065,8779459.0,0.6,,,549734.0,158.0,161,117.0,122.0,239.0,249.142857142857,
2021-07-27,19110428.0,92035.0,110274.0,10408317.0,0.7054,8702111.0,0.5898,,,549576.0,129.0,157,125.0,127.0,252.0,255.571428571429,
2021-07-26,19018393.0,65920.0,116121.0,10392461.0,0.7043,8625932.0,0.5846,,,549447.0,119.0,157,96.0,131.0,227.0,261.571428571429,
2021-07-25,18952473.0,103812.0,119749.0,10382721.0,0.7037,8569752.0,0.5808,,,549328.0,172.0,159,88.0,127.0,215.0,267.142857142857,
2021-07-24,18848661.0,124261.0,124155.0,10367900.0,0.7027,8480761.0,0.5748,,,549156.0,170.0,159,125.0,132.0,257.0,272.857142857143,
2021-07-23,18724400.0,120231.0,130561.0,10349267.0,0.7014,8375133.0,0.5676,,,548986.0,192.0,160,137.0,136.0,273.0,277.857142857143,
2021-07-22,18604169.0,125166.0,137473.0,10331684.0,0.7002,8272485.0,0.5606,,,548794.0,185.0,156,140.0,141.0,281.0,284.142857142857,
2021-07-21,18479003.0,140491.0,143335.0,10313756.0,0.7,8165247.0,0.5534,,,548609.0,135.0,150,139.0,145.0,284.0,291.571428571429,
2021-07-20,18338512.0,132963.0,148865.0,10296270.0,0.6978,8042242.0,0.55,,,548474.0,127.0,152,145.0,149.0,294.0,301.571428571429,
2021-07-19,18205549.0,91320.0,155132.0,10278844.0,0.6966,7926705.0,0.5372,,,548347.0,130.0,155,115.0,151.0,266.0,311.714285714286,
2021-07-18,18114229.0,134654.0,159465.0,10268538.0,0.6959,7845691.0,0.5317,,,548217.0,177.0,153,105.0,150.0,255.0,323.142857142857,
2021-07-17,17979575.0,169103.0,164592.0,10252746.0,0.6949,7726829.0,0.5237,,,548040.0,176.0,151,143.0,149.0,292.0,334.142857142857,
2021-07-16,17810472.0,168616.0,170078.0,10232356.0,0.6935,7578116.0,0.5136,,,547864.0,159.0,151,159.0,158.0,317.0,344.142857142857,
2021-07-15,17641856.0,166201.0,178113.0,10211930.0,0.6921,7429926.0,0.5035,,,547705.0,143.0,155,165.0,168.0,333.0,354.714285714286,
2021-07-14,17475655.0,179197.0,192782.0,10192127.0,0.6907,7283528.0,0.4936,,,547562.0,153.0,164,174.0,180.0,354.0,365.571428571429,
2021-07-13,17296458.0,176834.0,196410.0,10172451.0,0.6894,7124007.0,0.4828,,,547409.0,146.0,170,173.0,192.0,365.0,375.142857142857,
2021-07-12,17119624.0,121653.0,201965.0,10153351.0,0.6881,6966273.0,0.4721,,,547263.0,114.0,184,142.0,204.0,346.0,384.142857142857,
2021-07-11,16997971.0,170537.0,205271.0,10142025.0,0.6874,6855946.0,0.4646,,,547149.0,166.0,192,130.0,202.0,332.0,389.428571428571,
2021-07-10,16827434.0,207507.0,208919.0,10124810.0,0.6862,6702624.0,0.4543,,,546983.0,179.0,199,165.0,197.0,362.0,398.142857142857,
2021-07-09,16619927.0,224864.0,209347.0,10103967.0,0.6848,6515960.0,0.4416,,,546804.0,183.0,203,189.0,202.0,391.0,410.571428571429,
2021-07-08,16395063.0,268884.0,198034.0,10082157.0,0.6833,6312906.0,0.4278,,,546621.0,210.0,206,194.0,215.0,409.0,416.285714285714,
2021-07-07,16126179.0,204594.0,197863.0,10056532.0,0.6816,6069647.0,0.4114,,,546411.0,194.0,216,201.0,220.0,421.0,426.714285714286,
2021-07-06,15921585.0,215719.0,206978.0,10037944.0,0.6803,5883641.0,0.3988,,,546217.0,244.0,215,202.0,226.0,428.0,441.142857142857,
2021-07-05,15705866.0,144795.0,214051.0,10018389.0,0.68,5687477.0,0.3855,,,545973.0,170.0,223,155.0,228.0,383.0,456.142857142857,
2021-07-04,15561071.0,196068.0,219133.0,10006434.0,0.6782,5554637.0,0.3765,,,545803.0,213.0,228,158.0,235.0,393.0,473.571428571429,
2021-07-03,15365003.0,210504.0,220076.0,9987497.0,0.6769,5377506.0,0.3644,,,545590.0,209.0,239,206.0,243.0,449.0,487.714285714286,
2021-07-02,15154499.0,145674.0,226613.0,9968560.0,0.6756,5185939.0,0.3515,,,545381.0,200.0,259,179.0,252.0,431.0,503.428571428571,
2021-07-01,15008825.0,267687.0,241001.0,9957615.0,0.6749,5051210.0,0.3423,,,545181.0,284.0,267,228.0,254.0,482.0,521.714285714286,
2021-06-30,14741138.0,268397.0,234930.0,9932968.0,0.6732,4808170.0,0.3259,,,544897.0,184.0,268,251.0,271.0,522.0,536.285714285714,
2021-06-29,14472741.0,265231.0,229062.0,9909272.0,0.6716,4563469.0,0.3093,,,544713.0,299.0,278,257.0,276.0,533.0,547.428571428571,
2021-06-28,14207510.0,180369.0,219676.0,9882740.0,0.6698,4324770.0,0.2931,,,544414.0,210.0,278,218.0,287.0,505.0,563.857142857143,
2021-06-27,14027141.0,202672.0,210856.0,9863520.0,0.6685,4163621.0,0.2822,,,544204.0,287.0,287,203.0,289.0,492.0,575.142857142857,
2021-06-26,13824469.0,256260.0,208224.0,9836364.0,0.6666,3988105.0,0.2703,,,543917.0,346.0,291,273.0,286.0,559.0,590.428571428571,
2021-06-25,13568209.0,246393.0,202078.0,9806988.0,0.6646,3761221.0,0.2549,,,543571.0,256.0,292,275.0,284.0,559.0,606.428571428571,
2021-06-24,13321816.0,225188.0,196970.0,9779377.0,0.6628,3542439.0,0.2401,,,543315.0,296.0,305,284.0,300.0,584.0,630.857142857143,
2021-06-23,13096628.0,227318.0,194888.0,9752884.0,0.66,3343744.0,0.2266,,,543019.0,255.0,316,295.0,305.0,600.0,655.857142857143,
2021-06-22,12869310.0,199535.0,191411.0,9723938.0,0.66,3145372.0,0.2132,,,542764.0,296.0,334,334.0,314.0,648.0,686.571428571429,
2021-06-21,12669775.0,118625.0,189333.0,9697075.0,0.6572,2972700.0,0.2015,,,542468.0,270.0,334,261.0,323.0,584.0,710.428571428571,
2021-06-20,12551150.0,184251.0,191755.0,9676870.0,0.6558,2874280.0,0.1948,,,542198.0,318.0,359,266.0,333.0,599.0,740.285714285714,
2021-06-19,12366899.0,213236.0,192064.0,9641597.0,0.6534,2725302.0,0.1847,,,541880.0,355.0,390,336.0,335.0,671.0,768.857142857143,
2021-06-18,12153663.0,210638.0,189463.0,9606422.0,0.6511,2547241.0,0.1726,,,541525.0,345.0,411,378.0,352.0,730.0,797.142857142857,
2021-06-17,11943025.0,210611.0,187937.0,9571990.0,0.6487,2371035.0,0.1607,,,541180.0,370.0,443,397.0,362.0,759.0,825.571428571429,
2021-06-16,11732414.0,202984.0,183899.0,9533699.0,0.6461,2198715.0,0.15,,,540810.0,384.0,475,438.0,377.0,815.0,855.142857142857,
2021-06-15,11529430.0,184989.0,180260.0,9491679.0,0.6433,2037751.0,0.1381,,,540426.0,296.0,479,433.0,382.0,815.0,886.857142857143,
2021-06-14,11344441.0,135574.0,176434.0,9450121.0,0.6405,1894320.0,0.1284,,,540130.0,447.0,503,384.0,409.0,793.0,927.857142857143,
2021-06-13,11208867.0,186415.0,173756.0,9412085.0,0.6379,1796782.0,0.1218,,,539683.0,530.0,514,373.0,426.0,799.0,963.714285714286,
2021-06-12,11022452.0,195032.0,169753.0,9354691.0,0.63,1667761.0,0.11,,,539153.0,502.0,533,447.0,422.0,869.0,1000.28571428571,
2021-06-11,10827420.0,199951.0,166585.0,9293678.0,0.6299,1533742.0,0.1039,,,538651.0,574.0,568,489.0,440.0,929.0,1039.14285714286,
2021-06-10,10627469.0,182350.0,162066.0,9227693.0,0.6254,1399776.0,0.0949,,,538077.0,590.0,617,516.0,450.0,966.0,1079.14285714286,
2021-06-09,10445119.0,177506.0,157571.0,9162443.0,0.62,1282676.0,0.0869,,,537487.0,411.0,657,571.0,466.0,1037.0,1123.28571428571,
2021-06-08,10267613.0,158209.0,152199.0,9093283.0,0.6163,1174330.0,0.0796,,,537076.0,469.0,703,621.0,481.0,1102.0,1158.57142857143,
2021-06-07,10109404.0,116829.0,146768.0,9022599.0,0.6115,1086805.0,0.0737,,,536607.0,525.0,735,547.0,497.0,1044.0,1199.28571428571,
2021-06-06,9992575.0,158393.0,144042.0,8961055.0,0.6073,1031520.0,0.0699,,,536082.0,663.0,791,545.0,510.0,1055.0,1242.71428571429,
2021-06-05,9834182.0,172855.0,142105.0,8870925.0,0.6012,963257.0,0.0653,,,535419.0,744.0,844,625.0,516.0,1141.0,1286.71428571429,
2021-06-04,9661327.0,168322.0,138693.0,8765262.0,0.59,896065.0,0.0607,,,534675.0,914.0,889,687.0,522.0,1209.0,1346.57142857143,
2021-06-03,9493005.0,150884.0,137472.0,8658024.0,0.5868,834981.0,0.0566,,,533761.0,870.0,940,729.0,546.0,1275.0,1412.14285714286,
2021-06-02,9342121.0,139901.0,136453.0,8560958.0,0.5802,781163.0,0.0529,,,532891.0,733.0,978,708.0,576.0,1284.0,1476.0,
2021-06-01,9202220.0,120195.0,135797.0,8462498.0,0.5735,739722.0,0.0501,,,532158.0,699.0,"1,030",804.0,583.0,1387.0,1541.85714285714,
2021-05-31,9082025.0,97747.0,131044.0,8375193.0,0.5676,706832.0,0.0479,,,531459.0,916.0,"1,078",731.0,617.0,1348.0,1589.0,
2021-05-30,8984278.0,144833.0,131239.0,8296384.0,0.5623,687894.0,0.0466,,,530543.0,1033.0,"1,154",749.0,614.0,1363.0,1635.0,
2021-05-29,8839445.0,148972.0,130595.0,8180306.0,0.5544,659139.0,0.0447,,,529510.0,1057.0,"1,248",934.0,626.0,1560.0,1688.0,
2021-05-28,8690473.0,159775.0,136475.0,8065553.0,0.5466,624920.0,0.0424,,,528453.0,1273.0,"1,353",1023.0,645.0,1668.0,1738.42857142857,
2021-05-27,8530698.0,143748.0,136296.0,7935844.0,0.5378,594854.0,0.0403,,,527180.0,1135.0,"1,441",1072.0,650.0,1722.0,1783.0,
2021-05-26,8386950.0,135308.0,136473.0,7817633.0,0.5298,569317.0,0.0386,,,526045.0,1095.0,"1,622",1073.0,672.0,1745.0,1828.57142857143,
2021-05-25,8251642.0,86927.0,137924.0,7707354.0,0.5223,544288.0,0.0369,,,524950.0,1039.0,"1,693",1025.0,692.0,1717.0,1884.42857142857,
2021-05-24,8164715.0,99108.0,141081.0,7626745.0,0.5169,537970.0,0.0365,,,523911.0,1446.0,"1,775",983.0,687.0,1670.0,1960.28571428571,
2021-05-23,8065607.0,140330.0,142970.0,7534004.0,0.5106,531603.0,0.04,,,522465.0,1691.0,"1,878",1041.0,693.0,1734.0,2021.57142857143,
2021-05-22,7925277.0,190129.0,142864.0,7405296.0,0.5019,519981.0,0.0352,,,520774.0,1794.0,"1,951",1207.0,706.0,1913.0,2070.57142857143,
2021-05-21,7735148.0,158524.0,137717.0,7239391.0,0.4906,495757.0,0.0336,,,518980.0,1890.0,"2,064",1265.0,715.0,1980.0,2130.28571428571,
2021-05-20,7576624.0,144986.0,135323.0,7102865.0,0.4814,473759.0,0.0321,,,517090.0,2400.0,"2,131",1320.0,721.0,2041.0,2184.42857142857,
2021-05-19,7431638.0,145461.0,134282.0,6974854.0,0.4727,456784.0,0.03,,,514690.0,1588.0,"2,183",1401.0,735.0,2136.0,2236.85714285714,
2021-05-18,7286177.0,109032.0,133614.0,6844075.0,0.4638,442102.0,0.03,,,513102.0,1616.0,"2,287",1484.0,764.0,2248.0,2281.57142857143,
2021-05-17,7177145.0,112330.0,134052.0,6744385.0,0.4571,432760.0,0.0293,,,511486.0,2170.0,"2,352",1320.0,779.0,2099.0,2329.57142857143,
2021-05-16,7064815.0,139583.0,131447.0,6635179.0,0.4497,429636.0,0.0291,,,509316.0,2199.0,"2,430",1292.0,785.0,2077.0,2381.14285714286,
2021-05-15,6925232.0,154104.0,128803.0,6502272.0,0.4407,422960.0,0.0287,,,507117.0,2584.0,"2,576",1546.0,785.0,2331.0,2439.85714285714,
2021-05-14,6771128.0,141765.0,126520.0,6355597.0,0.4307,415531.0,0.0282,,,504533.0,2362.0,"2,616",1582.0,777.0,2359.0,2490.14285714286,
2021-05-13,6629363.0,137697.0,126943.0,6221763.0,0.4217,407600.0,0.0276,,,502171.0,2759.0,"2,731",1632.0,776.0,2408.0,2550.57142857143,
2021-05-12,6491666.0,140785.0,127420.0,6089408.0,0.4127,402258.0,0.0273,,,499412.0,2320.0,"2,826",1673.0,776.0,2449.0,2612.42857142857,
2021-05-11,6350881.0,112103.0,126252.0,5954094.0,0.4035,396787.0,0.0269,,,497092.0,2073.0,"2,914",1782.0,802.0,2584.0,2685.0,
2021-05-10,6238778.0,94093.0,122933.0,5844894.0,0.3961,393884.0,0.0267,,,495019.0,2716.0,"3,017",1632.0,828.0,2460.0,2752.0,
2021-05-09,6144685.0,121075.0,117188.0,5751850.0,0.3898,392835.0,0.0266,,,492303.0,3216.0,"3,120",1640.0,848.0,2488.0,2802.57142857143,
2021-05-08,6023610.0,138125.0,110847.0,5632620.0,0.3817,390990.0,0.0265,,,489087.0,2864.0,"3,193",1832.0,851.0,2683.0,2855.14285714286,
2021-05-07,5885485.0,144724.0,106500.0,5498001.0,0.3726,387484.0,0.0263,,,486223.0,3166.0,"3,266",1924.0,858.0,2782.0,2907.85714285714,
2021-05-06,5740761.0,141038.0,101856.0,5356172.0,0.36,384589.0,0.0261,,,483057.0,3424.0,"3,369",1964.0,877.0,2841.0,2951.0,
2021-05-05,5599723.0,132603.0,98931.0,5218600.0,0.3537,381123.0,0.0258,,,479633.0,2941.0,"3,432",2075.0,882.0,2957.0,2992.57142857143,
2021-05-04,5467120.0,88871.0,96584.0,5089035.0,0.3449,378085.0,0.0256,,,476692.0,2791.0,"3,509",2167.0,886.0,3053.0,3021.28571428571,
2021-05-03,5378249.0,53880.0,97434.0,5002344.0,0.34,375905.0,0.0255,,,473901.0,3436.0,"3,577",1925.0,889.0,2814.0,3043.85714285714,
2021-05-02,5324369.0,76685.0,99638.0,4949089.0,0.3354,375280.0,0.0254,,,470465.0,3732.0,"3,588",1961.0,895.0,2856.0,3091.57142857143,
2021-05-01,5247684.0,107700.0,102902.0,4874125.0,0.3303,373559.0,0.0253,,,466733.0,3369.0,"3,618",2152.0,900.0,3052.0,3108.85714285714,
2021-04-30,5139984.0,112214.0,105616.0,4768874.0,0.3232,371110.0,0.0252,,,463364.0,3887.0,"3,722",2201.0,883.0,3084.0,3117.14285714286,
2021-04-29,5027770.0,120567.0,108710.0,4659367.0,0.3158,368403.0,0.03,,,459477.0,3871.0,"3,810",2248.0,884.0,3132.0,3120.14285714286,
2021-04-28,4907203.0,116173.0,110760.0,4542037.0,0.3078,365166.0,0.0247,,,455606.0,3480.0,"3,783",2281.0,877.0,3158.0,3123.57142857143,
2021-04-27,4791030.0,94819.0,113692.0,4428467.0,0.3001,362563.0,0.0246,,,452126.0,3265.0,"3,888",2336.0,875.0,3211.0,3118.85714285714,
2021-04-26,4696211.0,69308.0,113062.0,4335045.0,0.2938,361166.0,0.0245,,,448861.0,3510.0,"3,917",2271.0,877.0,3148.0,3107.71428571429,
2021-04-25,4626903.0,99535.0,112717.0,4266549.0,0.2892,360354.0,0.0244,,,445351.0,3947.0,"4,051",2126.0,851.0,2977.0,3080.42857142857,
2021-04-24,4527368.0,126694.0,110865.0,4168592.0,0.2825,358776.0,0.0243,,,441404.0,4094.0,"4,094",2277.0,833.0,3110.0,3062.0,
2021-04-23,4400674.0,133872.0,108091.0,4045466.0,0.2742,355208.0,0.0241,,,437310.0,4505.0,"4,132",2287.0,818.0,3105.0,3016.42857142857,
2021-04-22,4266802.0,134920.0,105485.0,3915448.0,0.2654,351354.0,0.0238,,,432805.0,3682.0,"4,176",2350.0,806.0,3156.0,2952.28571428571,
2021-04-21,4131882.0,136695.0,101273.0,3782486.0,0.2563,349396.0,0.0237,,,429123.0,4212.0,"4,327",2335.0,790.0,3125.0,2871.57142857143,
2021-04-20,3995187.0,90409.0,97861.0,3647590.0,0.2472,347597.0,0.0236,,,424911.0,3469.0,"4,319",2360.0,773.0,3133.0,2785.0,
2021-04-19,3904778.0,66897.0,98616.0,3558773.0,0.2412,346005.0,0.0234,,,421442.0,4447.0,"4,348",2202.0,755.0,2957.0,2687.14285714286,
2021-04-18,3837881.0,86565.0,99734.0,3492571.0,0.2367,345310.0,0.0234,,,416995.0,4250.0,"4,341",2107.0,741.0,2848.0,2588.28571428571,
2021-04-17,3751316.0,107278.0,100910.0,3407072.0,0.2309,344244.0,0.0233,,,412745.0,4362.0,"4,370",2065.0,726.0,2791.0,2484.0,
2021-04-16,3644038.0,115634.0,100553.0,3302105.0,0.2238,341933.0,0.0232,,,408383.0,4812.0,"4,292",1955.0,701.0,2656.0,2386.57142857143,
2021-04-15,3528404.0,105430.0,99089.0,3188913.0,0.2161,339491.0,0.02,,,403571.0,4736.0,"4,208",1932.0,659.0,2591.0,2299.14285714286,
2021-04-14,3422974.0,112817.0,99536.0,3085768.0,0.2091,337206.0,0.0229,,,398835.0,4156.0,"4,003",1877.0,642.0,2519.0,2206.42857142857,
2021-04-13,3310157.0,95692.0,98331.0,2974895.0,0.2016,335262.0,0.0227,,,394679.0,3670.0,"3,868",1822.0,626.0,2448.0,2118.14285714286,
2021-04-12,3214465.0,74722.0,95546.0,2881046.0,0.1953,333419.0,0.0226,,,391009.0,4401.0,"3,782",1646.0,619.0,2265.0,2007.14285714286,
2021-04-11,3139743.0,94794.0,92365.0,2806593.0,0.1902,333150.0,0.0226,,,386608.0,4456.0,"3,573",1513.0,605.0,2118.0,1888.71428571429,
2021-04-10,3044949.0,104783.0,88698.0,2713967.0,0.1839,330982.0,0.0224,,,382152.0,3813.0,"3,371",1524.0,585.0,2109.0,1770.0,
2021-04-09,2940166.0,105382.0,82239.0,2611568.0,0.18,328598.0,0.0223,,,378339.0,4227.0,"3,256",1492.0,552.0,2044.0,1646.85714285714,
2021-04-08,2834784.0,108563.0,79782.0,2508424.0,0.17,326360.0,0.0221,,,374112.0,3295.0,"3,093",1417.0,525.0,1942.0,1583.0,
2021-04-07,2726221.0,104382.0,76281.0,2401438.0,0.1628,324783.0,0.02,,,370817.0,3215.0,"2,988",1397.0,504.0,1901.0,1526.85714285714,
2021-04-06,2621839.0,76199.0,74208.0,2298691.0,0.1558,323148.0,0.0219,,,367602.0,3065.0,"2,862",1161.0,510.0,1671.0,1474.57142857143,
2021-04-05,2545640.0,52452.0,73415.0,2223443.0,0.1507,322197.0,0.0218,,,364537.0,2938.0,"2,758",942.0,494.0,1436.0,1450.28571428571,
2021-04-04,2493188.0,69125.0,73129.0,2171140.0,0.1471,322048.0,0.0218,,,361599.0,3041.0,"2,637",811.0,476.0,1287.0,1423.71428571429,
2021-04-03,2424063.0,59567.0,72533.0,2102594.0,0.1425,321469.0,0.0218,,,358558.0,3009.0,"2,552",796.0,451.0,1247.0,1427.0,
2021-04-02,2364496.0,88183.0,75129.0,2044146.0,0.1385,320350.0,0.0217,,,355549.0,3089.0,"2,473",1162.0,435.0,1597.0,1445.57142857143,
2021-04-01,2276313.0,84060.0,74388.0,1958598.0,0.1327,317715.0,0.0215,,,352460.0,2557.0,"2,341",1116.0,433.0,1549.0,1402.71428571429,
2021-03-31,2192253.0,89873.0,73729.0,1876433.0,0.1272,315820.0,0.0214,,,349903.0,2333.0,"2,316",1111.0,424.0,1535.0,1360.57142857143,
2021-03-30,2102380.0,70645.0,71240.0,1788491.0,0.1212,313889.0,0.0213,,,347570.0,2336.0,"2,207",1090.0,411.0,1501.0,1320.71428571429,
2021-03-29,2031735.0,50453.0,68385.0,1720487.0,0.1166,311248.0,0.0211,,,345234.0,2094.0,"2,094",841.0,409.0,1250.0,1281.28571428571,
2021-03-28,1981282.0,64950.0,65654.0,1671997.0,0.1133,309285.0,0.02,,,343140.0,2448.0,"2,038",917.0,393.0,1310.0,1266.14285714286,
2021-03-27,1916332.0,77740.0,62207.0,1608031.0,0.11,308301.0,0.0209,,,340692.0,2453.0,"1,944",985.0,392.0,1377.0,1236.14285714286,
2021-03-26,1838592.0,82996.0,59713.0,1532219.0,0.1038,306373.0,0.0208,,,338239.0,2169.0,"1,855",913.0,384.0,1297.0,1196.57142857143,
2021-03-25,1755596.0,79446.0,56592.0,1451210.0,0.0984,304386.0,0.0206,,,336070.0,2380.0,"1,794",894.0,360.0,1254.0,1169.14285714286,
2021-03-24,1676150.0,72451.0,53545.0,1373486.0,0.0931,302664.0,0.0205,,,333690.0,1571.0,"1,676",893.0,363.0,1256.0,1143.0,
2021-03-23,1603699.0,50659.0,51510.0,1302656.0,0.0883,301043.0,0.0204,,,332119.0,1546.0,"1,667",868.0,357.0,1225.0,1117.14285714286,
2021-03-22,1553040.0,31335.0,51641.0,1253743.0,0.09,299297.0,0.0203,,,330573.0,1699.0,"1,600",813.0,331.0,1144.0,1097.28571428571,
2021-03-21,1521705.0,40823.0,51907.0,1223156.0,0.0829,298549.0,0.0202,,,328874.0,1791.0,"1,550",760.0,340.0,1100.0,1080.71428571429,
2021-03-20,1480882.0,60283.0,52055.0,1183748.0,0.0802,297134.0,0.0201,,,327083.0,1829.0,"1,494",765.0,335.0,1100.0,1054.57142857143,
2021-03-19,1420599.0,61146.0,51098.0,1125850.0,0.0763,294749.0,0.02,,,325254.0,1745.0,"1,424",759.0,346.0,1105.0,1039.85714285714,
2021-03-18,1359453.0,58119.0,48578.0,1067184.0,0.0723,292269.0,0.0198,,,323509.0,1553.0,"1,356",730.0,341.0,1071.0,1023.42857142857,
2021-03-17,1301334.0,58202.0,46077.0,1010675.0,0.0685,290659.0,0.0197,,,321956.0,1508.0,"1,313",741.0,334.0,1075.0,1011.57142857143,
2021-03-16,1243132.0,51579.0,42800.0,954214.0,0.0647,288918.0,0.0196,,,320448.0,1074.0,"1,274",761.0,325.0,1086.0,999.0,
2021-03-15,1191553.0,33198.0,39867.0,904270.0,0.0613,287283.0,0.0195,,,319374.0,1350.0,"1,291",699.0,329.0,1028.0,988.857142857143,
2021-03-14,1158355.0,41859.0,38250.0,872740.0,0.0591,285615.0,0.0194,,,318024.0,1401.0,"1,263",601.0,316.0,917.0,976.857142857143,
2021-03-13,1116496.0,53586.0,36583.0,831810.0,0.0564,284686.0,0.0193,,,316623.0,1337.0,"1,215",689.0,308.0,997.0,976.428571428571,
2021-03-12,1062910.0,43503.0,34599.0,780162.0,0.0529,282748.0,0.0192,,,315286.0,1269.0,"1,172",676.0,314.0,990.0,967.142857142857,
2021-03-11,1019407.0,40610.0,33511.0,737693.0,0.05,281714.0,0.0191,,,314017.0,1252.0,"1,143",680.0,308.0,988.0,962.142857142857,
2021-03-10,978797.0,35264.0,32054.0,699593.0,0.0474,279204.0,0.0189,,,312765.0,1238.0,"1,116",678.0,309.0,987.0,957.428571428571,
2021-03-09,943533.0,31047.0,30930.0,667340.0,0.0452,276193.0,0.0187,,,311527.0,1187.0,"1,094",689.0,326.0,1015.0,954.857142857143,
2021-03-08,912486.0,21882.0,29684.0,638810.0,0.0433,273676.0,0.0185,,,310340.0,1155.0,"1,081",626.0,318.0,944.0,950.857142857143,
2021-03-07,890604.0,30192.0,29048.0,618797.0,0.0419,271807.0,0.0184,,,309185.0,1069.0,"1,073",606.0,308.0,914.0,954.571428571429,
2021-03-06,860412.0,39698.0,27473.0,589787.0,0.04,270625.0,0.0183,,,308116.0,1035.0,"1,078",620.0,312.0,932.0,959.571428571429,
2021-03-05,820714.0,35886.0,25278.0,551651.0,0.0374,269063.0,0.0182,,,307081.0,1063.0,"1,089",643.0,312.0,955.0,967.571428571429,
2021-03-04,784828.0,30409.0,23267.0,516710.0,0.04,268118.0,0.0182,,,306018.0,1064.0,"1,096",649.0,306.0,955.0,974.0,
2021-03-03,754419.0,27398.0,21653.0,487709.0,0.0331,266710.0,0.0181,,,304954.0,1084.0,"1,101",668.0,301.0,969.0,980.428571428571,
2021-03-02,727021.0,22326.0,20188.0,462125.0,0.0313,264896.0,0.02,,,303870.0,1098.0,"1,101",677.0,310.0,987.0,983.571428571429,
2021-03-01,704695.0,17424.0,19320.0,441481.0,0.0299,263214.0,0.0178,,,302772.0,1099.0,"1,095",659.0,311.0,970.0,989.857142857143,
2021-02-28,687271.0,19167.0,18677.0,425168.0,0.0288,262103.0,0.0178,,,301673.0,1104.0,"1,087",627.0,322.0,949.0,987.857142857143,
2021-02-27,668104.0,24339.0,18282.0,407132.0,0.0276,260972.0,0.0177,,,300569.0,1108.0,"1,077",680.0,308.0,988.0,990.428571428571,
2021-02-26,643765.0,21805.0,17847.0,385751.0,0.0261,258014.0,0.0175,,,299461.0,1114.0,"1,063",683.0,317.0,1000.0,991.142857142857,
2021-02-25,621960.0,19112.0,17156.0,366511.0,0.0248,255449.0,0.0173,,,298347.0,1099.0,"1,051",687.0,313.0,1000.0,990.571428571429,
2021-02-24,602848.0,17141.0,16195.0,351258.0,0.0238,251590.0,0.0171,,,297248.0,1084.0,"1,039",675.0,316.0,991.0,1001.14285714286,
2021-02-23,585707.0,16252.0,15047.0,338665.0,0.02,247042.0,0.0167,,,296164.0,1055.0,"1,027",718.0,313.0,1031.0,1010.0,
2021-02-22,569455.0,12922.0,13447.0,328786.0,0.0223,240669.0,0.0163,,,295109.0,1045.0,"1,024",646.0,310.0,956.0,1016.28571428571,
2021-02-21,556533.0,16404.0,12701.0,320611.0,0.0217,235922.0,0.02,,,294064.0,1031.0,"1,025",660.0,307.0,967.0,1032.57142857143,
2021-02-20,540129.0,21295.0,11883.0,310978.0,0.0211,229151.0,0.0155,,,293033.0,1016.0,"1,034",699.0,294.0,993.0,1042.14285714286,
2021-02-19,518834.0,16967.0,10913.0,301119.0,0.0204,217715.0,0.0148,,,292017.0,1026.0,"1,056",689.0,307.0,996.0,1058.57142857143,
2021-02-18,501867.0,12383.0,10719.0,296065.0,0.0201,205802.0,0.0139,,,290991.0,1016.0,"1,078",758.0,316.0,1074.0,1072.14285714286,
2021-02-17,489484.0,9107.0,11052.0,294118.0,0.0199,195366.0,0.0132,,,289975.0,1002.0,"1,113",719.0,334.0,1053.0,1092.14285714286,
2021-02-16,480377.0,5053.0,11678.0,293443.0,0.0199,186934.0,0.0127,,,288973.0,1035.0,"1,163",742.0,333.0,1075.0,1125.85714285714,
2021-02-15,475324.0,7698.0,12736.0,293187.0,0.0199,182137.0,0.0123,,,287938.0,1051.0,"1,211",739.0,331.0,1070.0,1152.0,
2021-02-14,467626.0,10679.0,12635.0,292983.0,0.0199,174643.0,0.0118,,,286887.0,1094.0,"1,250",705.0,329.0,1034.0,1180.71428571429,
2021-02-13,456947.0,14506.0,12040.0,292640.0,0.0198,164307.0,0.0111,,,285793.0,1167.0,"1,298",786.0,322.0,1108.0,1218.42857142857,
2021-02-12,442441.0,15605.0,11385.0,291159.0,0.0197,151282.0,0.0103,,,284626.0,1180.0,"1,343",763.0,328.0,1091.0,1258.0,
2021-02-11,426836.0,14717.0,10254.0,289848.0,0.0196,136988.0,0.0093,,,283446.0,1264.0,"1,399",883.0,331.0,1214.0,1302.42857142857,
2021-02-10,412119.0,13486.0,9113.0,286394.0,0.0194,125725.0,0.0085,,,282182.0,1353.0,"1,447",948.0,341.0,1289.0,1337.14285714286,
2021-02-09,398633.0,12462.0,7717.0,283104.0,0.0192,115529.0,0.0078,,,280829.0,1367.0,"1,493",909.0,349.0,1258.0,1357.85714285714,
2021-02-08,386171.0,6987.0,6324.0,280008.0,0.02,106163.0,0.0072,,,279462.0,1327.0,"1,547",901.0,370.0,1271.0,1401.14285714286,
2021-02-07,379184.0,6518.0,5649.0,277440.0,0.0188,101744.0,0.0069,,,278135.0,1428.0,"1,628",926.0,372.0,1298.0,1439.71428571429,
2021-02-06,372666.0,9917.0,5120.0,276093.0,0.0187,96573.0,0.0065,,,276707.0,1479.0,"1,693",1021.0,364.0,1385.0,1474.85714285714,
2021-02-05,362749.0,7694.0,5042.0,274918.0,0.0186,87831.0,0.00595,,,275228.0,1576.0,"1,763",1043.0,359.0,1402.0,1513.85714285714,
2021-02-04,355055.0,6724.0,5402.0,274078.0,0.0186,80977.0,0.00549,,,273652.0,1600.0,"1,825",1101.0,356.0,1457.0,1553.85714285714,
2021-02-03,348331.0,3716.0,6143.0,273337.0,0.0185,74994.0,0.00508,,,272052.0,1675.0,"1,901",1066.0,368.0,1434.0,1592.0,
2021-02-02,344615.0,2715.0,6971.0,272558.0,0.0185,72057.0,0.00488,,,270377.0,1746.0,"1,976",1192.0,369.0,1561.0,1641.71428571429,
2021-02-01,341900.0,2256.0,7970.0,271607.0,0.0184,70293.0,0.00476,,,268631.0,1889.0,"2,062",1158.0,383.0,1541.0,1686.0,
2021-01-31,339644.0,2816.0,8439.0,270795.0,0.0184,68849.0,0.00467,,,266742.0,1887.0,"2,131",1159.0,385.0,1544.0,1725.28571428571,
2021-01-30,336828.0,9373.0,8669.0,269041.0,0.0182,67787.0,0.00459,,,264855.0,1968.0,"2,213",1273.0,385.0,1658.0,1768.85714285714,
2021-01-29,327455.0,10215.0,8924.0,265776.0,0.02,61679.0,0.00418,,,262887.0,2011.0,"2,303",1291.0,391.0,1682.0,1806.14285714286,
2021-01-28,317240.0,11910.0,9060.0,261954.0,0.0178,55286.0,0.00375,,,260876.0,2128.0,"2,402",1338.0,386.0,1724.0,1839.85714285714,
2021-01-27,305330.0,9513.0,9630.0,257100.0,0.0174,48230.0,0.00327,,,258748.0,2205.0,"2,491",1382.0,400.0,1782.0,1871.14285714286,
2021-01-26,295817.0,9707.0,10240.0,254174.0,0.0172,41643.0,0.00282,,,256543.0,2346.0,"2,583",1466.0,405.0,1871.0,1904.28571428571,
2021-01-25,286110.0,5537.0,10903.0,250482.0,0.02,35628.0,0.00241,,,254197.0,2371.0,"2,661",1398.0,418.0,1816.0,1929.28571428571,
2021-01-24,280573.0,4427.0,11497.0,249132.0,0.0169,31441.0,0.00213,,,251826.0,2459.0,"2,756",1436.0,413.0,1849.0,1953.71428571429,
2021-01-23,276146.0,11161.0,12437.0,247192.0,0.0168,28954.0,0.00196,,,249367.0,2603.0,"2,854",1501.0,418.0,1919.0,1973.14285714286,
2021-01-22,264985.0,11168.0,12908.0,240339.0,0.0163,24646.0,0.00167,,,246764.0,2703.0,"2,942",1512.0,406.0,1918.0,1992.28571428571,
2021-01-21,253817.0,15899.0,13542.0,233704.0,0.0158,20113.0,0.00136,,,244061.0,2751.0,"3,023",1533.0,410.0,1943.0,2012.57142857143,
2021-01-20,237918.0,13784.0,13305.0,221737.0,0.02,16181.0,0.001,,,241310.0,2850.0,"3,123",1598.0,416.0,2014.0,2030.71428571429,
2021-01-19,224134.0,14346.0,12940.0,211329.0,0.0143,12805.0,0.00087,,,238460.0,2893.0,"3,213",1626.0,420.0,2046.0,2040.57142857143,
2021-01-18,209788.0,9691.0,12526.0,198912.0,0.0135,10876.0,0.00074,,,235567.0,3035.0,"3,303",1571.0,416.0,1987.0,2050.0,
2021-01-17,200097.0,11007.0,12407.0,189240.0,0.0128,10857.0,0.00074,,,232532.0,3143.0,"3,378",1570.0,415.0,1985.0,2048.28571428571,
2021-01-16,189090.0,14460.0,12261.0,179423.0,0.0122,9667.0,0.00066,,,229389.0,3218.0,"3,435",1632.0,421.0,2053.0,2035.28571428571,
2021-01-15,174630.0,15609.0,12438.0,166083.0,0.0113,8547.0,0.00058,,,226171.0,3273.0,"3,462",1647.0,413.0,2060.0,2008.57142857143,
2021-01-14,159021.0,14237.0,12341.0,152374.0,0.0103,6647.0,0.00045,,,222898.0,3452.0,"3,479",1657.0,413.0,2070.0,1977.14285714286,
2021-01-13,144784.0,11231.0,,140395.0,0.0095,4389.0,0.0,,,219446.0,3480.0,"3,435",1674.0,409.0,2083.0,1946.28571428571,
2021-01-12,133553.0,11448.0,,130530.0,0.0088,3023.0,0.0,,,215966.0,3523.0,"3,383",1701.0,411.0,2112.0,1912.14285714286,
2021-01-11,122105.0,8859.0,,119163.0,0.0081,2942.0,0.0,,,212443.0,3555.0,,1563.0,412.0,1975.0,,
2021-01-10,113246.0,9983.0,,110304.0,0.0075,2942.0,0.0,,,208888.0,3546.0,,1483.0,411.0,1894.0,,
2021-01-09,103263.0,15700.0,,100323.0,0.0068,2940.0,0.0,,,205342.0,3406.0,,1457.0,409.0,1866.0,,
2021-01-08,87563.0,14932.0,,85536.0,0.0058,2027.0,0.00014,,,201936.0,3394.0,,1446.0,394.0,1840.0,,
2021-01-07,72631.0,12251.0,,71544.0,0.0048,1087.0,7e-05,,,198542.0,3141.0,,1472.0,382.0,1854.0,,
2021-01-06,60380.0,,,59950.0,0.0041,430.0,3e-05,,,320448.0,3114.0,,1463.0,381.0,1844.0,,
